planId,planName,planCode,provisionType,description
153,GKE Controller,gke.default,GKE,GKE Controller
519,f1-micro - 1 vCPU (shared physical core) and 0.6 GB RAM,f1-micro,Google,1 vCPU (shared physical core) and 0.6 GB RAM
520,g1-small - 1 vCPU (shared physical core) and 1.7 GB RAM,g1-small,Google,1 vCPU (shared physical core) and 1.7 GB RAM
565,"n1-standard-1 - 1 vCPU, 3.75 GB RAM",n1-standard-1,Google,"1 vCPU, 3.75 GB RAM"
567,"n1-standard-2 - 2 vCPUs, 7.5 GB RAM",n1-standard-2,Google,"2 vCPUs, 7.5 GB RAM"
569,"n1-standard-4 - 4 vCPUs, 15 GB RAM",n1-standard-4,Google,"4 vCPUs, 15 GB RAM"
571,"n1-standard-8 - 8 vCPUs, 30 GB RAM",n1-standard-8,Google,"8 vCPUs, 30 GB RAM"
566,"n1-standard-16 - 16 vCPUs, 60 GB RAM",n1-standard-16,Google,"16 vCPUs, 60 GB RAM"
568,"n1-standard-32 - 32 vCPUs, 120 GB RAM",n1-standard-32,Google,"32 vCPUs, 120 GB RAM"
570,"n1-standard-64 - 64 vCPUs, 240 GB RAM",n1-standard-64,Google,"64 vCPUs, 240 GB RAM"
572,"n1-standard-96 - 96 vCPUs, 360 GB RAM",n1-standard-96,Google,"96 vCPUs, 360 GB RAM"
558,"n1-highmem-2 - 2 vCPUs, 13 GB RAM",n1-highmem-2,Google,"2 vCPUs, 13 GB RAM"
560,"n1-highmem-4 - 4 vCPUs, 26 GB RAM",n1-highmem-4,Google,"4 vCPUs, 26 GB RAM"
562,"n1-highmem-8 - 8 vCPUs, 52 GB RAM",n1-highmem-8,Google,"8 vCPUs, 52 GB RAM"
557,"n1-highmem-16 - 16 vCPUs, 104 GB RAM",n1-highmem-16,Google,"16 vCPUs, 104 GB RAM"
559,"n1-highmem-32 - 32 vCPUs, 208 GB RAM",n1-highmem-32,Google,"32 vCPUs, 208 GB RAM"
561,"n1-highmem-64 - 64 vCPUs, 416 GB RAM",n1-highmem-64,Google,"64 vCPUs, 416 GB RAM"
563,"n1-highmem-96 - 96 vCPUs, 624 GB RAM",n1-highmem-96,Google,"96 vCPUs, 624 GB RAM"
551,"n1-highcpu-2 - 2 vCPUs, 1.8 GB RAM",n1-highcpu-2,Google,"2 vCPUs, 1.8 GB RAM"
553,"n1-highcpu-4 - 4 vCPUs, 3.6 GB RAM",n1-highcpu-4,Google,"4 vCPUs, 3.6 GB RAM"
555,"n1-highcpu-8 - 8 vCPUs, 7.2 GB RAM",n1-highcpu-8,Google,"8 vCPUs, 7.2 GB RAM"
550,"n1-highcpu-16 - 16 vCPUs, 14.4 GB RAM",n1-highcpu-16,Google,"16 vCPUs, 14.4 GB RAM"
552,"n1-highcpu-32 - 32 vCPUs, 28.8 GB RAM",n1-highcpu-32,Google,"32 vCPUs, 28.8 GB RAM"
554,"n1-highcpu-64 - 64 vCPUs, 57.6 GB RAM",n1-highcpu-64,Google,"64 vCPUs, 57.6 GB RAM"
556,"n1-highcpu-96 - 96 vCPUs, 86 GB RAM",n1-highcpu-96,Google,"96 vCPUs, 86 GB RAM"
154,n1-custom,custom-google,Google,n1-custom
512,"e2-micro - Efficient Instance, 2 vCPU (1/8 shared physical core) and 1 GB RAM",e2-micro,Google,"Efficient Instance, 2 vCPU (1/8 shared physical core) and 1 GB RAM"
158,e2-custom-micro,e2-custom-micro-google,Google,e2-custom-micro
513,"e2-small - Efficient Instance, 2 vCPU (1/4 shared physical core) and 2 GB RAM",e2-small,Google,"Efficient Instance, 2 vCPU (1/4 shared physical core) and 2 GB RAM"
159,e2-custom-small,e2-custom-small-google,Google,e2-custom-small
511,"e2-medium - Efficient Instance, 2 vCPU (1/2 shared physical core) and 4 GB RAM",e2-medium,Google,"Efficient Instance, 2 vCPU (1/2 shared physical core) and 4 GB RAM"
160,e2-custom-medium,e2-custom-medium-google,Google,e2-custom-medium
515,"e2-standard-2 - Efficient Instance, 2 vCPUs, 8 GB RAM",e2-standard-2,Google,"Efficient Instance, 2 vCPUs, 8 GB RAM"
517,"e2-standard-4 - Efficient Instance, 4 vCPUs, 16 GB RAM",e2-standard-4,Google,"Efficient Instance, 4 vCPUs, 16 GB RAM"
518,"e2-standard-8 - Efficient Instance, 8 vCPUs, 32 GB RAM",e2-standard-8,Google,"Efficient Instance, 8 vCPUs, 32 GB RAM"
514,"e2-standard-16 - Efficient Instance, 16 vCPUs, 64 GB RAM",e2-standard-16,Google,"Efficient Instance, 16 vCPUs, 64 GB RAM"
516,"e2-standard-32 - Efficient Instance, 32 vCPUs, 128 GB RAM",e2-standard-32,Google,"Efficient Instance, 32 vCPUs, 128 GB RAM"
157,e2-custom,e2-custom-google,Google,e2-custom
508,"e2-highmem-2 - Efficient Instance, 2 vCPUs, 16 GB RAM",e2-highmem-2,Google,"Efficient Instance, 2 vCPUs, 16 GB RAM"
509,"e2-highmem-4 - Efficient Instance, 4 vCPUs, 32 GB RAM",e2-highmem-4,Google,"Efficient Instance, 4 vCPUs, 32 GB RAM"
510,"e2-highmem-8 - Efficient Instance, 8 vCPUs, 64 GB RAM",e2-highmem-8,Google,"Efficient Instance, 8 vCPUs, 64 GB RAM"
507,"e2-highmem-16 - Efficient Instance, 16 vCPUs, 128 GB RAM",e2-highmem-16,Google,"Efficient Instance, 16 vCPUs, 128 GB RAM"
503,"e2-highcpu-2 - Efficient Instance, 2 vCPUs, 2 GB RAM",e2-highcpu-2,Google,"Efficient Instance, 2 vCPUs, 2 GB RAM"
505,"e2-highcpu-4 - Efficient Instance, 4 vCPUs, 4 GB RAM",e2-highcpu-4,Google,"Efficient Instance, 4 vCPUs, 4 GB RAM"
506,"e2-highcpu-8 - Efficient Instance, 8 vCPUs, 8 GB RAM",e2-highcpu-8,Google,"Efficient Instance, 8 vCPUs, 8 GB RAM"
502,"e2-highcpu-16 - Efficient Instance, 16 vCPUs, 16 GB RAM",e2-highcpu-16,Google,"Efficient Instance, 16 vCPUs, 16 GB RAM"
504,"e2-highcpu-32 - Efficient Instance, 32 vCPUs, 32 GB RAM",e2-highcpu-32,Google,"Efficient Instance, 32 vCPUs, 32 GB RAM"
597,n2-standard-2 - 2 vCPUs 8 GB RAM,n2-standard-2,Google,2 vCPUs 8 GB RAM
599,n2-standard-4 - 4 vCPUs 16 GB RAM,n2-standard-4,Google,4 vCPUs 16 GB RAM
602,n2-standard-8 - 8 vCPUs 32 GB RAM,n2-standard-8,Google,8 vCPUs 32 GB RAM
596,n2-standard-16 - 16 vCPUs 64 GB RAM,n2-standard-16,Google,16 vCPUs 64 GB RAM
598,n2-standard-32 - 32 vCPUs 128 GB RAM,n2-standard-32,Google,32 vCPUs 128 GB RAM
600,n2-standard-48 - 48 vCPUs 192 GB RAM,n2-standard-48,Google,48 vCPUs 192 GB RAM
601,n2-standard-64 - 64 vCPUs 256 GB RAM,n2-standard-64,Google,64 vCPUs 256 GB RAM
603,n2-standard-80 - 80 vCPUs 320 GB RAM,n2-standard-80,Google,80 vCPUs 320 GB RAM
604,n2-standard-96 - 96 vCPUs 384 GB RAM,n2-standard-96,Google,96 vCPUs 384 GB RAM
595,n2-standard-128 - 128 vCPUs 512 GB RAM,n2-standard-128,Google,128 vCPUs 512 GB RAM
587,n2-highmem-2 - 2 vCPUs 16 GB RAM,n2-highmem-2,Google,2 vCPUs 16 GB RAM
589,n2-highmem-4 - 4 vCPUs 32 GB RAM,n2-highmem-4,Google,4 vCPUs 32 GB RAM
592,n2-highmem-8 - 8 vCPUs 64 GB RAM,n2-highmem-8,Google,8 vCPUs 64 GB RAM
586,n2-highmem-16 - 16 vCPUs 128 GB RAM,n2-highmem-16,Google,16 vCPUs 128 GB RAM
588,n2-highmem-32 - 32 vCPUs 256 GB RAM,n2-highmem-32,Google,32 vCPUs 256 GB RAM
590,n2-highmem-48 - 48 vCPUs 384 GB RAM,n2-highmem-48,Google,48 vCPUs 384 GB RAM
591,n2-highmem-64 - 64 vCPUs 512 GB RAM,n2-highmem-64,Google,64 vCPUs 512 GB RAM
593,n2-highmem-80 - 80 vCPUs 640 GB RAM,n2-highmem-80,Google,80 vCPUs 640 GB RAM
594,n2-highmem-96 - 96 vCPUs 768 GB RAM,n2-highmem-96,Google,96 vCPUs 768 GB RAM
585,n2-highmem-128 - 128 vCPUs 864 GB RAM,n2-highmem-128,Google,128 vCPUs 864 GB RAM
577,n2-highcpu-2 - 2 vCPUs 2 GB RAM,n2-highcpu-2,Google,2 vCPUs 2 GB RAM
579,n2-highcpu-4 - 4 vCPUs 4 GB RAM,n2-highcpu-4,Google,4 vCPUs 4 GB RAM
582,n2-highcpu-8 - 8 vCPUs 8 GB RAM,n2-highcpu-8,Google,8 vCPUs 8 GB RAM
576,n2-highcpu-16 - 16 vCPUs 16 GB RAM,n2-highcpu-16,Google,16 vCPUs 16 GB RAM
578,n2-highcpu-32 - 32 vCPUs 32 GB RAM,n2-highcpu-32,Google,32 vCPUs 32 GB RAM
580,n2-highcpu-48 - 48 vCPUs 48 GB RAM,n2-highcpu-48,Google,48 vCPUs 48 GB RAM
581,n2-highcpu-64 - 64 vCPUs 64 GB RAM,n2-highcpu-64,Google,64 vCPUs 64 GB RAM
583,n2-highcpu-80 - 80 vCPUs 80 GB RAM,n2-highcpu-80,Google,80 vCPUs 80 GB RAM
584,n2-highcpu-96 - 96 vCPUs 96 GB RAM,n2-highcpu-96,Google,96 vCPUs 96 GB RAM
155,n2-custom,n2-custom-google,Google,n2-custom
627,n2d-standard-2 - 2 vCPUs 8 GB RAM,n2d-standard-2,Google,2 vCPUs 8 GB RAM
630,n2d-standard-4 - 4 vCPUs 16 GB RAM,n2d-standard-4,Google,4 vCPUs 16 GB RAM
633,n2d-standard-8 - 8 vCPUs 32 GB RAM,n2d-standard-8,Google,8 vCPUs 32 GB RAM
626,n2d-standard-16 - 16 vCPUs 64 GB RAM,n2d-standard-16,Google,16 vCPUs 64 GB RAM
629,n2d-standard-32 - 32 vCPUs 128 GB RAM,n2d-standard-32,Google,32 vCPUs 128 GB RAM
631,n2d-standard-48 - 48 vCPUs 192 GB RAM,n2d-standard-48,Google,48 vCPUs 192 GB RAM
632,n2d-standard-64 - 64 vCPUs 256 GB RAM,n2d-standard-64,Google,64 vCPUs 256 GB RAM
634,n2d-standard-80 - 80 vCPUs 320 GB RAM,n2d-standard-80,Google,80 vCPUs 320 GB RAM
635,n2d-standard-96 - 96 vCPUs 384 GB RAM,n2d-standard-96,Google,96 vCPUs 384 GB RAM
625,n2d-standard-128 - 128 vCPUs 512 GB RAM,n2d-standard-128,Google,128 vCPUs 512 GB RAM
628,n2d-standard-224 - 224 vCPUs 896 GB RAM,n2d-standard-224,Google,224 vCPUs 896 GB RAM
617,n2d-highmem-2 - 2 vCPUs 16 GB RAM,n2d-highmem-2,Google,2 vCPUs 16 GB RAM
619,n2d-highmem-4 - 4 vCPUs 32 GB RAM,n2d-highmem-4,Google,4 vCPUs 32 GB RAM
622,n2d-highmem-8 - 8 vCPUs 64 GB RAM,n2d-highmem-8,Google,8 vCPUs 64 GB RAM
616,n2d-highmem-16 - 16 vCPUs 128 GB RAM,n2d-highmem-16,Google,16 vCPUs 128 GB RAM
618,n2d-highmem-32 - 32 vCPUs 256 GB RAM,n2d-highmem-32,Google,32 vCPUs 256 GB RAM
620,n2d-highmem-48 - 48 vCPUs 384 GB RAM,n2d-highmem-48,Google,48 vCPUs 384 GB RAM
621,n2d-highmem-64 - 64 vCPUs 512 GB RAM,n2d-highmem-64,Google,64 vCPUs 512 GB RAM
623,n2d-highmem-80 - 80 vCPUs 640 GB RAM,n2d-highmem-80,Google,80 vCPUs 640 GB RAM
624,n2d-highmem-96 - 96 vCPUs 768 GB RAM,n2d-highmem-96,Google,96 vCPUs 768 GB RAM
607,n2d-highcpu-2 - 2 vCPUs 2 GB RAM,n2d-highcpu-2,Google,2 vCPUs 2 GB RAM
610,n2d-highcpu-4 - 4 vCPUs 4 GB RAM,n2d-highcpu-4,Google,4 vCPUs 4 GB RAM
613,n2d-highcpu-8 - 8 vCPUs 8 GB RAM,n2d-highcpu-8,Google,8 vCPUs 8 GB RAM
606,n2d-highcpu-16 - 16 vCPUs 16 GB RAM,n2d-highcpu-16,Google,16 vCPUs 16 GB RAM
609,n2d-highcpu-32 - 32 vCPUs 32 GB RAM,n2d-highcpu-32,Google,32 vCPUs 32 GB RAM
611,n2d-highcpu-48 - 48 vCPUs 48 GB RAM,n2d-highcpu-48,Google,48 vCPUs 48 GB RAM
612,n2d-highcpu-64 - 64 vCPUs 64 GB RAM,n2d-highcpu-64,Google,64 vCPUs 64 GB RAM
614,n2d-highcpu-80 - 80 vCPUs 80 GB RAM,n2d-highcpu-80,Google,80 vCPUs 80 GB RAM
615,n2d-highcpu-96 - 96 vCPUs 96 GB RAM,n2d-highcpu-96,Google,96 vCPUs 96 GB RAM
605,n2d-highcpu-128 - 128 vCPUs 128 GB RAM,n2d-highcpu-128,Google,128 vCPUs 128 GB RAM
608,n2d-highcpu-224 - 224 vCPUs 224 GB RAM,n2d-highcpu-224,Google,224 vCPUs 224 GB RAM
156,n2d-custom,n2d-custom-google,Google,n2d-custom
267,"c2d-highcpu-2 - 2 vCPUs, 4 GB RAM",c2d-highcpu-2,Google,"2 vCPUs, 4 GB RAM"
269,"c2d-highcpu-4 - 4 vCPUs, 8 GB RAM",c2d-highcpu-4,Google,"4 vCPUs, 8 GB RAM"
281,"c2d-standard-2 - 2 vCPUs, 8 GB RAM",c2d-standard-2,Google,"2 vCPUs, 8 GB RAM"
262,"c2-standard-4 - Compute Optimized: 4 vCPUs, 16 GB RAM",c2-standard-4,Google,"Compute Optimized: 4 vCPUs, 16 GB RAM"
271,"c2d-highcpu-8 - 8 vCPUs, 16 GB RAM",c2d-highcpu-8,Google,"8 vCPUs, 16 GB RAM"
274,"c2d-highmem-2 - 2 vCPUs, 16 GB RAM",c2d-highmem-2,Google,"2 vCPUs, 16 GB RAM"
283,"c2d-standard-4 - 4 vCPUs, 16 GB RAM",c2d-standard-4,Google,"4 vCPUs, 16 GB RAM"
264,"c2-standard-8 - Compute Optimized: 8 vCPUs, 32 GB RAM",c2-standard-8,Google,"Compute Optimized: 8 vCPUs, 32 GB RAM"
266,"c2d-highcpu-16 - 16 vCPUs, 32 GB RAM",c2d-highcpu-16,Google,"16 vCPUs, 32 GB RAM"
276,"c2d-highmem-4 - 4 vCPUs, 32 GB RAM",c2d-highmem-4,Google,"4 vCPUs, 32 GB RAM"
285,"c2d-standard-8 - 8 vCPUs, 32 GB RAM",c2d-standard-8,Google,"8 vCPUs, 32 GB RAM"
260,"c2-standard-16 - Compute Optimized: 16 vCPUs, 64 GB RAM",c2-standard-16,Google,"Compute Optimized: 16 vCPUs, 64 GB RAM"
268,"c2d-highcpu-32 - 32 vCPUs, 64 GB RAM",c2d-highcpu-32,Google,"32 vCPUs, 64 GB RAM"
278,"c2d-highmem-8 - 8 vCPUs, 64 GB RAM",c2d-highmem-8,Google,"8 vCPUs, 64 GB RAM"
280,"c2d-standard-16 - 16 vCPUs, 64 GB RAM",c2d-standard-16,Google,"16 vCPUs, 64 GB RAM"
270,"c2d-highcpu-56 - 56 vCPUs, 112 GB RAM",c2d-highcpu-56,Google,"56 vCPUs, 112 GB RAM"
261,"c2-standard-30 - Compute Optimized: 30 vCPUs, 120 GB RAM",c2-standard-30,Google,"Compute Optimized: 30 vCPUs, 120 GB RAM"
273,"c2d-highmem-16 - 16 vCPUs, 128 GB RAM",c2d-highmem-16,Google,"16 vCPUs, 128 GB RAM"
282,"c2d-standard-32 - 32 vCPUs, 128 GB RAM",c2d-standard-32,Google,"32 vCPUs, 128 GB RAM"
265,"c2d-highcpu-112 - 112 vCPUs, 224 GB RAM",c2d-highcpu-112,Google,"112 vCPUs, 224 GB RAM"
284,"c2d-standard-56 - 56 vCPUs, 224 GB RAM",c2d-standard-56,Google,"56 vCPUs, 224 GB RAM"
263,"c2-standard-60 - Compute Optimized: 60 vCPUs, 240 GB RAM",c2-standard-60,Google,"Compute Optimized: 60 vCPUs, 240 GB RAM"
275,"c2d-highmem-32 - 32 vCPUs, 256 GB RAM",c2d-highmem-32,Google,"32 vCPUs, 256 GB RAM"
277,"c2d-highmem-56 - 56 vCPUs, 448 GB RAM",c2d-highmem-56,Google,"56 vCPUs, 448 GB RAM"
279,"c2d-standard-112 - 112 vCPUs, 448 GB RAM",c2d-standard-112,Google,"112 vCPUs, 448 GB RAM"
272,"c2d-highmem-112 - 112 vCPUs, 896 GB RAM",c2d-highmem-112,Google,"112 vCPUs, 896 GB RAM"
530,"m1-megamem-96 - 96 vCPUs, 1.4 TB RAM",m1-megamem-96,Google,"96 vCPUs, 1.4 TB RAM"
532,"m1-ultramem-40 - 40 vCPUs, 961 GB RAM",m1-ultramem-40,Google,"40 vCPUs, 961 GB RAM"
533,"m1-ultramem-80 - 80 vCPUs, 1922 GB RAM",m1-ultramem-80,Google,"80 vCPUs, 1922 GB RAM"
531,"m1-ultramem-160 - 160 vCPUs, 3844 GB RAM",m1-ultramem-160,Google,"160 vCPUs, 3844 GB RAM"
244,"a2-highgpu-1g - Accelerator Optimized: 1 NVIDIA Tesla A100 GPU, 12 vCPUs, 85GB RAM",a2-highgpu-1g,Google,"Accelerator Optimized: 1 NVIDIA Tesla A100 GPU, 12 vCPUs, 85GB RAM"
245,"a2-highgpu-2g - Accelerator Optimized: 2 NVIDIA Tesla A100 GPUs, 24 vCPUs, 170GB RAM",a2-highgpu-2g,Google,"Accelerator Optimized: 2 NVIDIA Tesla A100 GPUs, 24 vCPUs, 170GB RAM"
246,"a2-highgpu-4g - Accelerator Optimized: 4 NVIDIA Tesla A100 GPUs, 48 vCPUs, 340GB RAM",a2-highgpu-4g,Google,"Accelerator Optimized: 4 NVIDIA Tesla A100 GPUs, 48 vCPUs, 340GB RAM"
247,"a2-highgpu-8g - Accelerator Optimized: 8 NVIDIA Tesla A100 GPUs, 96 vCPUs, 680GB RAM",a2-highgpu-8g,Google,"Accelerator Optimized: 8 NVIDIA Tesla A100 GPUs, 96 vCPUs, 680GB RAM"
248,"a2-megagpu-16g - Accelerator Optimized: 16 NVIDIA Tesla A100 GPUs, 96 vCPUs, 1360GB RAM",a2-megagpu-16g,Google,"Accelerator Optimized: 16 NVIDIA Tesla A100 GPUs, 96 vCPUs, 1360GB RAM"
406,"c4a-highcpu-1 - 1 vCPUs, 2 GB RAM",c4a-highcpu-1,Google,"1 vCPUs, 2 GB RAM"
449,"c4d-highcpu-2 - 2 vCPUs, 3 GB RAM",c4d-highcpu-2,Google,"2 vCPUs, 3 GB RAM"
353,"c4-highcpu-2 - 2 vCPUs, 4 GB RAM",c4-highcpu-2,Google,"2 vCPUs, 4 GB RAM"
408,"c4a-highcpu-2 - 2 vCPUs, 4 GB RAM",c4a-highcpu-2,Google,"2 vCPUs, 4 GB RAM"
431,"c4a-standard-1 - 1 vCPUs, 4 GB RAM",c4a-standard-1,Google,"1 vCPUs, 4 GB RAM"
637,"n4-highcpu-2 - 2 vCPUs, 4 GB RAM",n4-highcpu-2,Google,"2 vCPUs, 4 GB RAM"
660,"t2a-standard-1 - 1 vCPUs, 4 GB RAM",t2a-standard-1,Google,"1 vCPUs, 4 GB RAM"
667,"t2d-standard-1 - 1 vCPUs, 4 GB RAM",t2d-standard-1,Google,"1 vCPUs, 4 GB RAM"
390,"c4-standard-2 - 2 vCPUs, 7 GB RAM",c4-standard-2,Google,"2 vCPUs, 7 GB RAM"
452,"c4d-highcpu-4 - 4 vCPUs, 7 GB RAM",c4d-highcpu-4,Google,"4 vCPUs, 7 GB RAM"
479,"c4d-standard-2 - 2 vCPUs, 7 GB RAM",c4d-standard-2,Google,"2 vCPUs, 7 GB RAM"
288,"c3-highcpu-4 - 4 vCPUs, 8 GB RAM",c3-highcpu-4,Google,"4 vCPUs, 8 GB RAM"
316,"c3d-highcpu-4 - 4 vCPUs, 8 GB RAM",c3d-highcpu-4,Google,"4 vCPUs, 8 GB RAM"
358,"c4-highcpu-4 - 4 vCPUs, 8 GB RAM",c4-highcpu-4,Google,"4 vCPUs, 8 GB RAM"
410,"c4a-highcpu-4 - 4 vCPUs, 8 GB RAM",c4a-highcpu-4,Google,"4 vCPUs, 8 GB RAM"
415,"c4a-highmem-1 - 1 vCPUs, 8 GB RAM",c4a-highmem-1,Google,"1 vCPUs, 8 GB RAM"
434,"c4a-standard-2 - 2 vCPUs, 8 GB RAM",c4a-standard-2,Google,"2 vCPUs, 8 GB RAM"
639,"n4-highcpu-4 - 4 vCPUs, 8 GB RAM",n4-highcpu-4,Google,"4 vCPUs, 8 GB RAM"
653,"n4-standard-2 - 2 vCPUs, 8 GB RAM",n4-standard-2,Google,"2 vCPUs, 8 GB RAM"
662,"t2a-standard-2 - 2 vCPUs, 8 GB RAM",t2a-standard-2,Google,"2 vCPUs, 8 GB RAM"
669,"t2d-standard-2 - 2 vCPUs, 8 GB RAM",t2d-standard-2,Google,"2 vCPUs, 8 GB RAM"
368,"c4-highmem-2 - 2 vCPUs, 15 GB RAM",c4-highmem-2,Google,"2 vCPUs, 15 GB RAM"
398,"c4-standard-4 - 4 vCPUs, 15 GB RAM",c4-standard-4,Google,"4 vCPUs, 15 GB RAM"
399,"c4-standard-4-lssd - 4 vCPUs, 15 GB RAM",c4-standard-4-lssd,Google,"4 vCPUs, 15 GB RAM"
455,"c4d-highcpu-8 - 8 vCPUs, 15 GB RAM",c4d-highcpu-8,Google,"8 vCPUs, 15 GB RAM"
461,"c4d-highmem-2 - 2 vCPUs, 15 GB RAM",c4d-highmem-2,Google,"2 vCPUs, 15 GB RAM"
484,"c4d-standard-4 - 4 vCPUs, 15 GB RAM",c4d-standard-4,Google,"4 vCPUs, 15 GB RAM"
290,"c3-highcpu-8 - 8 vCPUs, 16 GB RAM",c3-highcpu-8,Google,"8 vCPUs, 16 GB RAM"
304,"c3-standard-4 - 4 vCPUs, 16 GB RAM",c3-standard-4,Google,"4 vCPUs, 16 GB RAM"
305,"c3-standard-4-lssd - 4 vCPUs, 16 GB RAM, 1 local SSD",c3-standard-4-lssd,Google,"4 vCPUs, 16 GB RAM, 1 local SSD"
318,"c3d-highcpu-8 - 8 vCPUs, 16 GB RAM",c3d-highcpu-8,Google,"8 vCPUs, 16 GB RAM"
343,"c3d-standard-4 - 4 vCPUs, 16 GB RAM",c3d-standard-4,Google,"4 vCPUs, 16 GB RAM"
360,"c4-highcpu-8 - 8 vCPUs, 16 GB RAM",c4-highcpu-8,Google,"8 vCPUs, 16 GB RAM"
414,"c4a-highcpu-8 - 8 vCPUs, 16 GB RAM",c4a-highcpu-8,Google,"8 vCPUs, 16 GB RAM"
418,"c4a-highmem-2 - 2 vCPUs, 16 GB RAM",c4a-highmem-2,Google,"2 vCPUs, 16 GB RAM"
437,"c4a-standard-4 - 4 vCPUs, 16 GB RAM",c4a-standard-4,Google,"4 vCPUs, 16 GB RAM"
438,"c4a-standard-4-lssd - 4 vCPUs, 16 GB RAM, 1 local SSD",c4a-standard-4-lssd,Google,"4 vCPUs, 16 GB RAM, 1 local SSD"
525,"g2-standard-4 - Graphics Optimized: 1 NVIDIA L4 GPU, 4 vCPUs, 16GB RAM",g2-standard-4,Google,"Graphics Optimized: 1 NVIDIA L4 GPU, 4 vCPUs, 16GB RAM"
642,"n4-highcpu-8 - 8 vCPUs, 16 GB RAM",n4-highcpu-8,Google,"8 vCPUs, 16 GB RAM"
645,"n4-highmem-2 - 2 vCPUs, 16 GB RAM",n4-highmem-2,Google,"2 vCPUs, 16 GB RAM"
655,"n4-standard-4 - 4 vCPUs, 16 GB RAM",n4-standard-4,Google,"4 vCPUs, 16 GB RAM"
664,"t2a-standard-4 - 4 vCPUs, 16 GB RAM",t2a-standard-4,Google,"4 vCPUs, 16 GB RAM"
671,"t2d-standard-4 - 4 vCPUs, 16 GB RAM",t2d-standard-4,Google,"4 vCPUs, 16 GB RAM"
402,"c4-standard-8 - 8 vCPUs, 30 GB RAM",c4-standard-8,Google,"8 vCPUs, 30 GB RAM"
403,"c4-standard-8-lssd - 8 vCPUs, 30 GB RAM",c4-standard-8-lssd,Google,"8 vCPUs, 30 GB RAM"
447,"c4d-highcpu-16 - 16 vCPUs, 30 GB RAM",c4d-highcpu-16,Google,"16 vCPUs, 30 GB RAM"
376,"c4-highmem-4 - 4 vCPUs, 31 GB RAM",c4-highmem-4,Google,"4 vCPUs, 31 GB RAM"
377,"c4-highmem-4-lssd - 4 vCPUs, 31 GB RAM",c4-highmem-4-lssd,Google,"4 vCPUs, 31 GB RAM"
466,"c4d-highmem-4 - 4 vCPUs, 31 GB RAM",c4d-highmem-4,Google,"4 vCPUs, 31 GB RAM"
489,"c4d-standard-8 - 8 vCPUs, 31 GB RAM",c4d-standard-8,Google,"8 vCPUs, 31 GB RAM"
490,"c4d-standard-8-lssd - 8 vCPUs, 31 GB RAM, 1 local SSD",c4d-standard-8-lssd,Google,"8 vCPUs, 31 GB RAM, 1 local SSD"
295,"c3-highmem-4 - 4 vCPUs, 32 GB RAM",c3-highmem-4,Google,"4 vCPUs, 32 GB RAM"
308,"c3-standard-8 - 8 vCPUs, 32 GB RAM",c3-standard-8,Google,"8 vCPUs, 32 GB RAM"
309,"c3-standard-8-lssd - 8 vCPUs, 32 GB RAM, 2 local SSDs",c3-standard-8-lssd,Google,"8 vCPUs, 32 GB RAM, 2 local SSDs"
312,"c3d-highcpu-16 - 16 vCPUs, 32 GB RAM",c3d-highcpu-16,Google,"16 vCPUs, 32 GB RAM"
328,"c3d-highmem-4 - 4 vCPUs, 32 GB RAM",c3d-highmem-4,Google,"4 vCPUs, 32 GB RAM"
346,"c3d-standard-8 - 8 vCPUs, 32 GB RAM",c3d-standard-8,Google,"8 vCPUs, 32 GB RAM"
347,"c3d-standard-8-lssd - 8 vCPUs, 32 GB RAM, 1 local SSD",c3d-standard-8-lssd,Google,"8 vCPUs, 32 GB RAM, 1 local SSD"
351,"c4-highcpu-16 - 16 vCPUs, 32 GB RAM",c4-highcpu-16,Google,"16 vCPUs, 32 GB RAM"
407,"c4a-highcpu-16 - 16 vCPUs, 32 GB RAM",c4a-highcpu-16,Google,"16 vCPUs, 32 GB RAM"
421,"c4a-highmem-4 - 4 vCPUs, 32 GB RAM",c4a-highmem-4,Google,"4 vCPUs, 32 GB RAM"
422,"c4a-highmem-4-lssd - 4 vCPUs, 32 GB RAM, 1 local SSD",c4a-highmem-4-lssd,Google,"4 vCPUs, 32 GB RAM, 1 local SSD"
445,"c4a-standard-8 - 8 vCPUs, 32 GB RAM",c4a-standard-8,Google,"8 vCPUs, 32 GB RAM"
446,"c4a-standard-8-lssd - 8 vCPUs, 32 GB RAM, 2 local SSD",c4a-standard-8-lssd,Google,"8 vCPUs, 32 GB RAM, 2 local SSD"
527,"g2-standard-8 - Graphics Optimized: 1 NVIDIA L4 GPU, 8 vCPUs, 32GB RAM",g2-standard-8,Google,"Graphics Optimized: 1 NVIDIA L4 GPU, 8 vCPUs, 32GB RAM"
636,"n4-highcpu-16 - 16 vCPUs, 32 GB RAM",n4-highcpu-16,Google,"16 vCPUs, 32 GB RAM"
647,"n4-highmem-4 - 4 vCPUs, 32 GB RAM",n4-highmem-4,Google,"4 vCPUs, 32 GB RAM"
658,"n4-standard-8 - 8 vCPUs, 32 GB RAM",n4-standard-8,Google,"8 vCPUs, 32 GB RAM"
666,"t2a-standard-8 - 8 vCPUs, 32 GB RAM",t2a-standard-8,Google,"8 vCPUs, 32 GB RAM"
674,"t2d-standard-8 - 8 vCPUs, 32 GB RAM",t2d-standard-8,Google,"8 vCPUs, 32 GB RAM"
287,"c3-highcpu-22 - 22 vCPUs, 44 GB RAM",c3-highcpu-22,Google,"22 vCPUs, 44 GB RAM"
354,"c4-highcpu-24 - 24 vCPUs, 48 GB RAM",c4-highcpu-24,Google,"24 vCPUs, 48 GB RAM"
495,"ct5l-hightpu-1t - 24 vCPUs, 48 GB RAM, 1 Google TPUs",ct5l-hightpu-1t,Google,"24 vCPUs, 48 GB RAM, 1 Google TPUs"
498,"ct5lp-hightpu-1t - 24 vCPUs, 48 GB RAM, 1 Google TPUs",ct5lp-hightpu-1t,Google,"24 vCPUs, 48 GB RAM, 1 Google TPUs"
521,"g2-standard-12 - Graphics Optimized: 1 NVIDIA L4 GPU, 12 vCPUs, 48GB RAM",g2-standard-12,Google,"Graphics Optimized: 1 NVIDIA L4 GPU, 12 vCPUs, 48GB RAM"
314,"c3d-highcpu-30 - 30 vCPUs, 59 GB RAM",c3d-highcpu-30,Google,"30 vCPUs, 59 GB RAM"
386,"c4-standard-16 - 16 vCPUs, 60 GB RAM",c4-standard-16,Google,"16 vCPUs, 60 GB RAM"
387,"c4-standard-16-lssd - 16 vCPUs, 60 GB RAM",c4-standard-16-lssd,Google,"16 vCPUs, 60 GB RAM"
450,"c4d-highcpu-32 - 32 vCPUs, 60 GB RAM",c4d-highcpu-32,Google,"32 vCPUs, 60 GB RAM"
380,"c4-highmem-8 - 8 vCPUs, 62 GB RAM",c4-highmem-8,Google,"8 vCPUs, 62 GB RAM"
381,"c4-highmem-8-lssd - 8 vCPUs, 62 GB RAM",c4-highmem-8-lssd,Google,"8 vCPUs, 62 GB RAM"
475,"c4d-standard-16 - 16 vCPUs, 62 GB RAM",c4d-standard-16,Google,"16 vCPUs, 62 GB RAM"
476,"c4d-standard-16-lssd - 16 vCPUs, 62 GB RAM, 1 local SSD",c4d-standard-16-lssd,Google,"16 vCPUs, 62 GB RAM, 1 local SSD"
471,"c4d-highmem-8 - 8 vCPUs, 63 GB RAM",c4d-highmem-8,Google,"8 vCPUs, 63 GB RAM"
472,"c4d-highmem-8-lssd - 8 vCPUs, 63 GB RAM, 1 local SSD",c4d-highmem-8-lssd,Google,"8 vCPUs, 63 GB RAM, 1 local SSD"
297,"c3-highmem-8 - 8 vCPUs, 64 GB RAM",c3-highmem-8,Google,"8 vCPUs, 64 GB RAM"
331,"c3d-highmem-8 - 8 vCPUs, 64 GB RAM",c3d-highmem-8,Google,"8 vCPUs, 64 GB RAM"
332,"c3d-highmem-8-lssd - 8 vCPUs, 64 GB RAM, 1 local SSD",c3d-highmem-8-lssd,Google,"8 vCPUs, 64 GB RAM, 1 local SSD"
335,"c3d-standard-16 - 16 vCPUs, 64 GB RAM",c3d-standard-16,Google,"16 vCPUs, 64 GB RAM"
336,"c3d-standard-16-lssd - 16 vCPUs, 64 GB RAM, 1 local SSD",c3d-standard-16-lssd,Google,"16 vCPUs, 64 GB RAM, 1 local SSD"
357,"c4-highcpu-32 - 32 vCPUs, 64 GB RAM",c4-highcpu-32,Google,"32 vCPUs, 64 GB RAM"
409,"c4a-highcpu-32 - 32 vCPUs, 64 GB RAM",c4a-highcpu-32,Google,"32 vCPUs, 64 GB RAM"
429,"c4a-highmem-8 - 8 vCPUs, 64 GB RAM",c4a-highmem-8,Google,"8 vCPUs, 64 GB RAM"
430,"c4a-highmem-8-lssd - 8 vCPUs, 64 GB RAM, 2 local SSD",c4a-highmem-8-lssd,Google,"8 vCPUs, 64 GB RAM, 2 local SSD"
432,"c4a-standard-16 - 16 vCPUs, 64 GB RAM",c4a-standard-16,Google,"16 vCPUs, 64 GB RAM"
433,"c4a-standard-16-lssd - 16 vCPUs, 64 GB RAM, 4 local SSD",c4a-standard-16-lssd,Google,"16 vCPUs, 64 GB RAM, 4 local SSD"
522,"g2-standard-16 - Graphics Optimized: 1 NVIDIA L4 GPU, 16 vCPUs, 64GB RAM",g2-standard-16,Google,"Graphics Optimized: 1 NVIDIA L4 GPU, 16 vCPUs, 64GB RAM"
638,"n4-highcpu-32 - 32 vCPUs, 64 GB RAM",n4-highcpu-32,Google,"32 vCPUs, 64 GB RAM"
650,"n4-highmem-8 - 8 vCPUs, 64 GB RAM",n4-highmem-8,Google,"8 vCPUs, 64 GB RAM"
652,"n4-standard-16 - 16 vCPUs, 64 GB RAM",n4-standard-16,Google,"16 vCPUs, 64 GB RAM"
661,"t2a-standard-16 - 16 vCPUs, 64 GB RAM",t2a-standard-16,Google,"16 vCPUs, 64 GB RAM"
668,"t2d-standard-16 - 16 vCPUs, 64 GB RAM",t2d-standard-16,Google,"16 vCPUs, 64 GB RAM"
688,"z3-highmem-8-highlssd - 8 vCPUs, 64 GB RAM, 1 Local SSDs",z3-highmem-8-highlssd,Google,"8 vCPUs, 64 GB RAM, 1 Local SSDs"
289,"c3-highcpu-44 - 44 vCPUs, 88 GB RAM",c3-highcpu-44,Google,"44 vCPUs, 88 GB RAM"
302,"c3-standard-22 - 22 vCPUs, 88 GB RAM",c3-standard-22,Google,"22 vCPUs, 88 GB RAM"
303,"c3-standard-22-lssd - 22 vCPUs, 88 GB RAM, 4 local SSDs",c3-standard-22-lssd,Google,"22 vCPUs, 88 GB RAM, 4 local SSDs"
391,"c4-standard-24 - 24 vCPUs, 90 GB RAM",c4-standard-24,Google,"24 vCPUs, 90 GB RAM"
392,"c4-standard-24-lssd - 24 vCPUs, 90 GB RAM, 4 local SSDs",c4-standard-24-lssd,Google,"24 vCPUs, 90 GB RAM, 4 local SSDs"
453,"c4d-highcpu-48 - 48 vCPUs, 90 GB RAM",c4d-highcpu-48,Google,"48 vCPUs, 90 GB RAM"
359,"c4-highcpu-48 - 48 vCPUs, 96 GB RAM",c4-highcpu-48,Google,"48 vCPUs, 96 GB RAM"
411,"c4a-highcpu-48 - 48 vCPUs, 96 GB RAM",c4a-highcpu-48,Google,"48 vCPUs, 96 GB RAM"
523,"g2-standard-24 - Graphics Optimized: 2 NVIDIA L4 GPUs, 24 vCPUs, 96GB RAM",g2-standard-24,Google,"Graphics Optimized: 2 NVIDIA L4 GPUs, 24 vCPUs, 96GB RAM"
640,"n4-highcpu-48 - 48 vCPUs, 96 GB RAM",n4-highcpu-48,Google,"48 vCPUs, 96 GB RAM"
678,"z3-highmem-14-standardlssd - 14 vCPUs, 112 GB RAM, 1 Local SSDs",z3-highmem-14-standardlssd,Google,"14 vCPUs, 112 GB RAM, 1 Local SSDs"
317,"c3d-highcpu-60 - 60 vCPUs, 118 GB RAM",c3d-highcpu-60,Google,"60 vCPUs, 118 GB RAM"
339,"c3d-standard-30 - 30 vCPUs, 120 GB RAM",c3d-standard-30,Google,"30 vCPUs, 120 GB RAM"
340,"c3d-standard-30-lssd - 30 vCPUs, 120 GB RAM, 2 local SSDs",c3d-standard-30-lssd,Google,"30 vCPUs, 120 GB RAM, 2 local SSDs"
396,"c4-standard-32 - 32 vCPUs, 120 GB RAM",c4-standard-32,Google,"32 vCPUs, 120 GB RAM"
397,"c4-standard-32-lssd - 32 vCPUs, 120 GB RAM",c4-standard-32-lssd,Google,"32 vCPUs, 120 GB RAM"
454,"c4d-highcpu-64 - 64 vCPUs, 120 GB RAM",c4d-highcpu-64,Google,"64 vCPUs, 120 GB RAM"
364,"c4-highmem-16 - 16 vCPUs, 124 GB RAM",c4-highmem-16,Google,"16 vCPUs, 124 GB RAM"
365,"c4-highmem-16-lssd - 16 vCPUs, 124 GB RAM",c4-highmem-16-lssd,Google,"16 vCPUs, 124 GB RAM"
480,"c4d-standard-32 - 32 vCPUs, 124 GB RAM",c4d-standard-32,Google,"32 vCPUs, 124 GB RAM"
481,"c4d-standard-32-lssd - 32 vCPUs, 124 GB RAM, 2 local SSDs",c4d-standard-32-lssd,Google,"32 vCPUs, 124 GB RAM, 2 local SSDs"
457,"c4d-highmem-16 - 16 vCPUs, 126 GB RAM",c4d-highmem-16,Google,"16 vCPUs, 126 GB RAM"
458,"c4d-highmem-16-lssd - 16 vCPUs, 126 GB RAM, 1 local SSD",c4d-highmem-16-lssd,Google,"16 vCPUs, 126 GB RAM, 1 local SSD"
320,"c3d-highmem-16 - 16 vCPUs, 128 GB RAM",c3d-highmem-16,Google,"16 vCPUs, 128 GB RAM"
321,"c3d-highmem-16-lssd - 16 vCPUs, 128 GB RAM, 1 local SSD",c3d-highmem-16-lssd,Google,"16 vCPUs, 128 GB RAM, 1 local SSD"
412,"c4a-highcpu-64 - 64 vCPUs, 128 GB RAM",c4a-highcpu-64,Google,"64 vCPUs, 128 GB RAM"
416,"c4a-highmem-16 - 16 vCPUs, 128 GB RAM",c4a-highmem-16,Google,"16 vCPUs, 128 GB RAM"
417,"c4a-highmem-16-lssd - 16 vCPUs, 128 GB RAM, 4 local SSD",c4a-highmem-16-lssd,Google,"16 vCPUs, 128 GB RAM, 4 local SSD"
435,"c4a-standard-32 - 32 vCPUs, 128 GB RAM",c4a-standard-32,Google,"32 vCPUs, 128 GB RAM"
436,"c4a-standard-32-lssd - 32 vCPUs, 128 GB RAM, 6 local SSD",c4a-standard-32-lssd,Google,"32 vCPUs, 128 GB RAM, 6 local SSD"
524,"g2-standard-32 - Graphics Optimized: 1 NVIDIA L4 GPU, 32 vCPUs, 128GB RAM",g2-standard-32,Google,"Graphics Optimized: 1 NVIDIA L4 GPU, 32 vCPUs, 128GB RAM"
641,"n4-highcpu-64 - 64 vCPUs, 128 GB RAM",n4-highcpu-64,Google,"64 vCPUs, 128 GB RAM"
644,"n4-highmem-16 - 16 vCPUs, 128 GB RAM",n4-highmem-16,Google,"16 vCPUs, 128 GB RAM"
654,"n4-standard-32 - 32 vCPUs, 128 GB RAM",n4-standard-32,Google,"32 vCPUs, 128 GB RAM"
663,"t2a-standard-32 - 32 vCPUs, 128 GB RAM",t2a-standard-32,Google,"32 vCPUs, 128 GB RAM"
670,"t2d-standard-32 - 32 vCPUs, 128 GB RAM",t2d-standard-32,Google,"32 vCPUs, 128 GB RAM"
679,"z3-highmem-16-highlssd - 16 vCPUs, 128 GB RAM, 2 Local SSDs",z3-highmem-16-highlssd,Google,"16 vCPUs, 128 GB RAM, 2 Local SSDs"
413,"c4a-highcpu-72 - 72 vCPUs, 144 GB RAM",c4a-highcpu-72,Google,"72 vCPUs, 144 GB RAM"
643,"n4-highcpu-80 - 80 vCPUs, 160 GB RAM",n4-highcpu-80,Google,"80 vCPUs, 160 GB RAM"
249,"a2-ultragpu-1g - Accelerator Optimized: 1 NVIDIA A100 80GB GPU, 12 vCPUs, 170GB RAM, 1 local SSD",a2-ultragpu-1g,Google,"Accelerator Optimized: 1 NVIDIA A100 80GB GPU, 12 vCPUs, 170GB RAM, 1 local SSD"
291,"c3-highcpu-88 - 88 vCPUs, 176 GB RAM",c3-highcpu-88,Google,"88 vCPUs, 176 GB RAM"
294,"c3-highmem-22 - 22 vCPUs, 176 GB RAM",c3-highmem-22,Google,"22 vCPUs, 176 GB RAM"
306,"c3-standard-44 - 44 vCPUs, 176 GB RAM",c3-standard-44,Google,"44 vCPUs, 176 GB RAM"
307,"c3-standard-44-lssd - 44 vCPUs, 176 GB RAM, 8 local SSDs",c3-standard-44-lssd,Google,"44 vCPUs, 176 GB RAM, 8 local SSDs"
683,"z3-highmem-22-highlssd - 22 vCPUs, 176 GB RAM, 3 Local SSDs",z3-highmem-22-highlssd,Google,"22 vCPUs, 176 GB RAM, 3 Local SSDs"
684,"z3-highmem-22-standardlssd - 22 vCPUs, 176 GB RAM, 2 Local SSDs",z3-highmem-22-standardlssd,Google,"22 vCPUs, 176 GB RAM, 2 Local SSDs"
696,"ct6e-standard-1t - 44 vCPUs, 176 GB RAM, 1 Google V6 lite TPUs",ct6e-standard-1t,Google,"44 vCPUs, 176 GB RAM, 1 Google V6 lite TPUs"
319,"c3d-highcpu-90 - 90 vCPUs, 177 GB RAM",c3d-highcpu-90,Google,"90 vCPUs, 177 GB RAM"
400,"c4-standard-48 - 48 vCPUs, 180 GB RAM",c4-standard-48,Google,"48 vCPUs, 180 GB RAM"
401,"c4-standard-48-lssd - 48 vCPUs, 180 GB RAM",c4-standard-48-lssd,Google,"48 vCPUs, 180 GB RAM"
456,"c4d-highcpu-96 - 96 vCPUs, 180 GB RAM",c4d-highcpu-96,Google,"96 vCPUs, 180 GB RAM"
369,"c4-highmem-24 - 24 vCPUs, 186 GB RAM",c4-highmem-24,Google,"24 vCPUs, 186 GB RAM"
370,"c4-highmem-24-lssd - 24 vCPUs, 186 GB RAM, 4 local SSDs",c4-highmem-24-lssd,Google,"24 vCPUs, 186 GB RAM, 4 local SSDs"
485,"c4d-standard-48 - 48 vCPUs, 186 GB RAM",c4d-standard-48,Google,"48 vCPUs, 186 GB RAM"
486,"c4d-standard-48-lssd - 48 vCPUs, 186 GB RAM, 4 local SSDs",c4d-standard-48-lssd,Google,"48 vCPUs, 186 GB RAM, 4 local SSDs"
361,"c4-highcpu-96 - 96 vCPUs, 192 GB RAM",c4-highcpu-96,Google,"96 vCPUs, 192 GB RAM"
439,"c4a-standard-48 - 48 vCPUs, 192 GB RAM",c4a-standard-48,Google,"48 vCPUs, 192 GB RAM"
440,"c4a-standard-48-lssd - 48 vCPUs, 192 GB RAM, 10 local SSD",c4a-standard-48-lssd,Google,"48 vCPUs, 192 GB RAM, 10 local SSD"
496,"ct5l-hightpu-4t - 112 vCPUs, 192 GB RAM, 4 Google TPUs",ct5l-hightpu-4t,Google,"112 vCPUs, 192 GB RAM, 4 Google TPUs"
499,"ct5lp-hightpu-4t - 112 vCPUs, 192 GB RAM, 4 Google TPUs",ct5lp-hightpu-4t,Google,"112 vCPUs, 192 GB RAM, 4 Google TPUs"
526,"g2-standard-48 - Graphics Optimized: 4 NVIDIA L4 GPUs, 48 vCPUs, 192GB RAM",g2-standard-48,Google,"Graphics Optimized: 4 NVIDIA L4 GPUs, 48 vCPUs, 192GB RAM"
656,"n4-standard-48 - 48 vCPUs, 192 GB RAM",n4-standard-48,Google,"48 vCPUs, 192 GB RAM"
665,"t2a-standard-48 - 48 vCPUs, 192 GB RAM",t2a-standard-48,Google,"48 vCPUs, 192 GB RAM"
672,"t2d-standard-48 - 48 vCPUs, 192 GB RAM",t2d-standard-48,Google,"48 vCPUs, 192 GB RAM"
255,"a3-highgpu-1g - Accelerator Optimized: 1 NVIDIA H100 GPU, 26 vCPUs, 234GB RAM",a3-highgpu-1g,Google,"Accelerator Optimized: 1 NVIDIA H100 GPU, 26 vCPUs, 234GB RAM"
324,"c3d-highmem-30 - 30 vCPUs, 240 GB RAM",c3d-highmem-30,Google,"30 vCPUs, 240 GB RAM"
325,"c3d-highmem-30-lssd - 30 vCPUs, 240 GB RAM, 2 local SSDs",c3d-highmem-30-lssd,Google,"30 vCPUs, 240 GB RAM, 2 local SSDs"
344,"c3d-standard-60 - 60 vCPUs, 240 GB RAM",c3d-standard-60,Google,"60 vCPUs, 240 GB RAM"
345,"c3d-standard-60-lssd - 60 vCPUs, 240 GB RAM, 4 local SSDs",c3d-standard-60-lssd,Google,"60 vCPUs, 240 GB RAM, 4 local SSDs"
673,"t2d-standard-60 - 60 vCPUs, 240 GB RAM",t2d-standard-60,Google,"60 vCPUs, 240 GB RAM"
374,"c4-highmem-32 - 32 vCPUs, 248 GB RAM",c4-highmem-32,Google,"32 vCPUs, 248 GB RAM"
375,"c4-highmem-32-lssd - 32 vCPUs, 248 GB RAM",c4-highmem-32-lssd,Google,"32 vCPUs, 248 GB RAM"
487,"c4d-standard-64 - 64 vCPUs, 248 GB RAM",c4d-standard-64,Google,"64 vCPUs, 248 GB RAM"
488,"c4d-standard-64-lssd - 64 vCPUs, 248 GB RAM, 6 local SSDs",c4d-standard-64-lssd,Google,"64 vCPUs, 248 GB RAM, 6 local SSDs"
462,"c4d-highmem-32 - 32 vCPUs, 252 GB RAM",c4d-highmem-32,Google,"32 vCPUs, 252 GB RAM"
463,"c4d-highmem-32-lssd - 32 vCPUs, 252 GB RAM, 2 local SSDs",c4d-highmem-32-lssd,Google,"32 vCPUs, 252 GB RAM, 2 local SSDs"
419,"c4a-highmem-32 - 32 vCPUs, 256 GB RAM",c4a-highmem-32,Google,"32 vCPUs, 256 GB RAM"
420,"c4a-highmem-32-lssd - 32 vCPUs, 256 GB RAM, 6 local SSD",c4a-highmem-32-lssd,Google,"32 vCPUs, 256 GB RAM, 6 local SSD"
441,"c4a-standard-64 - 64 vCPUs, 256 GB RAM",c4a-standard-64,Google,"64 vCPUs, 256 GB RAM"
442,"c4a-standard-64-lssd - 64 vCPUs, 256 GB RAM, 14 local SSD",c4a-standard-64-lssd,Google,"64 vCPUs, 256 GB RAM, 14 local SSD"
646,"n4-highmem-32 - 32 vCPUs, 256 GB RAM",n4-highmem-32,Google,"32 vCPUs, 256 GB RAM"
657,"n4-standard-64 - 64 vCPUs, 256 GB RAM",n4-standard-64,Google,"64 vCPUs, 256 GB RAM"
685,"z3-highmem-32-highlssd - 32 vCPUs, 256 GB RAM, 4 Local SSDs",z3-highmem-32-highlssd,Google,"32 vCPUs, 256 GB RAM, 4 Local SSDs"
350,"c4-highcpu-144 - 144 vCPUs, 288 GB RAM",c4-highcpu-144,Google,"144 vCPUs, 288 GB RAM"
443,"c4a-standard-72 - 72 vCPUs, 288 GB RAM",c4a-standard-72,Google,"72 vCPUs, 288 GB RAM"
444,"c4a-standard-72-lssd - 72 vCPUs, 288 GB RAM, 16 local SSD",c4a-standard-72-lssd,Google,"72 vCPUs, 288 GB RAM, 16 local SSD"
659,"n4-standard-80 - 80 vCPUs, 320 GB RAM",n4-standard-80,Google,"80 vCPUs, 320 GB RAM"
250,"a2-ultragpu-2g - Accelerator Optimized: 2 NVIDIA A100 80GB GPUs, 24 vCPUs, 340GB RAM, 2 local SSD",a2-ultragpu-2g,Google,"Accelerator Optimized: 2 NVIDIA A100 80GB GPUs, 24 vCPUs, 340GB RAM, 2 local SSD"
493,"ct3-hightpu-4t - 96 vCPUs, 340 GB RAM, 2 vNUMA nodes",ct3-hightpu-4t,Google,"96 vCPUs, 340 GB RAM, 2 vNUMA nodes"
494,"ct3p-hightpu-4t - 48 vCPUs, 340 GB RAM, 1 vNUMA nodes",ct3p-hightpu-4t,Google,"48 vCPUs, 340 GB RAM, 1 vNUMA nodes"
286,"c3-highcpu-176 - 176 vCPUs, 352 GB RAM",c3-highcpu-176,Google,"176 vCPUs, 352 GB RAM"
296,"c3-highmem-44 - 44 vCPUs, 352 GB RAM",c3-highmem-44,Google,"44 vCPUs, 352 GB RAM"
310,"c3-standard-88 - 88 vCPUs, 352 GB RAM",c3-standard-88,Google,"88 vCPUs, 352 GB RAM"
311,"c3-standard-88-lssd - 88 vCPUs, 352 GB RAM, 16 local SSDs",c3-standard-88-lssd,Google,"88 vCPUs, 352 GB RAM, 16 local SSDs"
529,"h3-standard-88 - 88 vCPUs, 352 GB RAM",h3-standard-88,Google,"88 vCPUs, 352 GB RAM"
686,"z3-highmem-44-highlssd - 44 vCPUs, 352 GB RAM, 6 Local SSDs",z3-highmem-44-highlssd,Google,"44 vCPUs, 352 GB RAM, 6 Local SSDs"
687,"z3-highmem-44-standardlssd - 44 vCPUs, 352 GB RAM, 3 Local SSDs",z3-highmem-44-standardlssd,Google,"44 vCPUs, 352 GB RAM, 3 Local SSDs"
313,"c3d-highcpu-180 - 180 vCPUs, 354 GB RAM",c3d-highcpu-180,Google,"180 vCPUs, 354 GB RAM"
348,"c3d-standard-90 - 90 vCPUs, 360 GB RAM",c3d-standard-90,Google,"90 vCPUs, 360 GB RAM"
349,"c3d-standard-90-lssd - 90 vCPUs, 360 GB RAM, 8 local SSDs",c3d-standard-90-lssd,Google,"90 vCPUs, 360 GB RAM, 8 local SSDs"
404,"c4-standard-96 - 96 vCPUs, 360 GB RAM",c4-standard-96,Google,"96 vCPUs, 360 GB RAM"
405,"c4-standard-96-lssd - 96 vCPUs, 360 GB RAM",c4-standard-96-lssd,Google,"96 vCPUs, 360 GB RAM"
448,"c4d-highcpu-192 - 192 vCPUs, 360 GB RAM",c4d-highcpu-192,Google,"192 vCPUs, 360 GB RAM"
378,"c4-highmem-48 - 48 vCPUs, 372 GB RAM",c4-highmem-48,Google,"48 vCPUs, 372 GB RAM"
379,"c4-highmem-48-lssd - 48 vCPUs, 372 GB RAM",c4-highmem-48-lssd,Google,"48 vCPUs, 372 GB RAM"
491,"c4d-standard-96 - 96 vCPUs, 372 GB RAM",c4d-standard-96,Google,"96 vCPUs, 372 GB RAM"
492,"c4d-standard-96-lssd - 96 vCPUs, 372 GB RAM, 8 local SSDs",c4d-standard-96-lssd,Google,"96 vCPUs, 372 GB RAM, 8 local SSDs"
545,"m4-megamem-28 - 28 vCPUs, 372 GB RAM",m4-megamem-28,Google,"28 vCPUs, 372 GB RAM"
467,"c4d-highmem-48 - 48 vCPUs, 378 GB RAM",c4d-highmem-48,Google,"48 vCPUs, 378 GB RAM"
468,"c4d-highmem-48-lssd - 48 vCPUs, 378 GB RAM, 4 local SSDs",c4d-highmem-48-lssd,Google,"48 vCPUs, 378 GB RAM, 4 local SSDs"
352,"c4-highcpu-192 - 192 vCPUs, 384 GB RAM",c4-highcpu-192,Google,"192 vCPUs, 384 GB RAM"
423,"c4a-highmem-48 - 48 vCPUs, 384 GB RAM",c4a-highmem-48,Google,"48 vCPUs, 384 GB RAM"
424,"c4a-highmem-48-lssd - 48 vCPUs, 384 GB RAM, 10 local SSD",c4a-highmem-48-lssd,Google,"48 vCPUs, 384 GB RAM, 10 local SSD"
497,"ct5l-hightpu-8t - 224 vCPUs, 384 GB RAM, 8 Google TPUs",ct5l-hightpu-8t,Google,"224 vCPUs, 384 GB RAM, 8 Google TPUs"
500,"ct5lp-hightpu-8t - 224 vCPUs, 384 GB RAM, 8 Google TPUs",ct5lp-hightpu-8t,Google,"224 vCPUs, 384 GB RAM, 8 Google TPUs"
528,"g2-standard-96 - Graphics Optimized: 8 NVIDIA L4 GPUs, 96 vCPUs, 384GB RAM",g2-standard-96,Google,"Graphics Optimized: 8 NVIDIA L4 GPUs, 96 vCPUs, 384GB RAM"
648,"n4-highmem-48 - 48 vCPUs, 384 GB RAM",n4-highmem-48,Google,"48 vCPUs, 384 GB RAM"
501,"ct5p-hightpu-4t - 208 vCPUs, 448 GB RAM, 4 Google TPUs",ct5p-hightpu-4t,Google,"208 vCPUs, 448 GB RAM, 4 Google TPUs"
256,"a3-highgpu-2g - Accelerator Optimized: 2 NVIDIA H100 GPU, 52 vCPUs, 468GB RAM",a3-highgpu-2g,Google,"Accelerator Optimized: 2 NVIDIA H100 GPU, 52 vCPUs, 468GB RAM"
329,"c3d-highmem-60 - 60 vCPUs, 480 GB RAM",c3d-highmem-60,Google,"60 vCPUs, 480 GB RAM"
330,"c3d-highmem-60-lssd - 60 vCPUs, 480 GB RAM, 4 local SSDs",c3d-highmem-60-lssd,Google,"60 vCPUs, 480 GB RAM, 4 local SSDs"
469,"c4d-highmem-64 - 64 vCPUs, 504 GB RAM",c4d-highmem-64,Google,"64 vCPUs, 504 GB RAM"
470,"c4d-highmem-64-lssd - 64 vCPUs, 504 GB RAM, 6 local SSDs",c4d-highmem-64-lssd,Google,"64 vCPUs, 504 GB RAM, 6 local SSDs"
425,"c4a-highmem-64 - 64 vCPUs, 512 GB RAM",c4a-highmem-64,Google,"64 vCPUs, 512 GB RAM"
426,"c4a-highmem-64-lssd - 64 vCPUs, 512 GB RAM, 14 local SSD",c4a-highmem-64-lssd,Google,"64 vCPUs, 512 GB RAM, 14 local SSD"
649,"n4-highmem-64 - 64 vCPUs, 512 GB RAM",n4-highmem-64,Google,"64 vCPUs, 512 GB RAM"
699,"c3-highcpu-192-metal - Compute Optimized Bare Metal: 192 vCPUs, 512 GB RAM",c3-highcpu-192-metal,Google,"Compute Optimized Bare Metal: 192 vCPUs, 512 GB RAM"
384,"c4-standard-144 - 144 vCPUs, 540 GB RAM",c4-standard-144,Google,"144 vCPUs, 540 GB RAM"
385,"c4-standard-144-lssd - 144 vCPUs, 540 GB RAM, 24 local SSDs",c4-standard-144-lssd,Google,"144 vCPUs, 540 GB RAM, 24 local SSDs"
355,"c4-highcpu-288 - 288 vCPUs, 576 GB RAM",c4-highcpu-288,Google,"288 vCPUs, 576 GB RAM"
427,"c4a-highmem-72 - 72 vCPUs, 576 GB RAM",c4a-highmem-72,Google,"72 vCPUs, 576 GB RAM"
428,"c4a-highmem-72-lssd - 72 vCPUs, 576 GB RAM, 16 local SSD",c4a-highmem-72-lssd,Google,"72 vCPUs, 576 GB RAM, 16 local SSD"
701,"m2-ultramemx-96 - 96 vCPUs, 600 GB RAM, 2.9 TB PMEM",m2-ultramemx-96,Google,"96 vCPUs, 600 GB RAM, 2.9 TB PMEM"
651,"n4-highmem-80 - 80 vCPUs, 640 GB RAM",n4-highmem-80,Google,"80 vCPUs, 640 GB RAM"
251,"a2-ultragpu-4g - Accelerator Optimized: 4 NVIDIA A100 80GB GPUs, 48 vCPUs, 680GB RAM, 4 local SSD",a2-ultragpu-4g,Google,"Accelerator Optimized: 4 NVIDIA A100 80GB GPUs, 48 vCPUs, 680GB RAM, 4 local SSD"
298,"c3-highmem-88 - 88 vCPUs, 704 GB RAM",c3-highmem-88,Google,"88 vCPUs, 704 GB RAM"
299,"c3-standard-176 - 176 vCPUs, 704 GB RAM",c3-standard-176,Google,"176 vCPUs, 704 GB RAM"
300,"c3-standard-176-lssd - 176 vCPUs, 704 GB RAM, 32 local SSDs",c3-standard-176-lssd,Google,"176 vCPUs, 704 GB RAM, 32 local SSDs"
689,"z3-highmem-88 - 88 vCPUs, 704 GB RAM, 12 Local SSDs",z3-highmem-88,Google,"88 vCPUs, 704 GB RAM, 12 Local SSDs"
690,"z3-highmem-88-highlssd - 88 vCPUs, 704 GB RAM, 12 Local SSDs",z3-highmem-88-highlssd,Google,"88 vCPUs, 704 GB RAM, 12 Local SSDs"
691,"z3-highmem-88-standardlssd - 88 vCPUs, 704 GB RAM, 6 Local SSDs",z3-highmem-88-standardlssd,Google,"88 vCPUs, 704 GB RAM, 6 Local SSDs"
315,"c3d-highcpu-360 - 360 vCPUs, 708 GB RAM",c3d-highcpu-360,Google,"360 vCPUs, 708 GB RAM"
333,"c3d-highmem-90 - 90 vCPUs, 720 GB RAM",c3d-highmem-90,Google,"90 vCPUs, 720 GB RAM"
334,"c3d-highmem-90-lssd - 90 vCPUs, 720 GB RAM, 8 local SSDs",c3d-highmem-90-lssd,Google,"90 vCPUs, 720 GB RAM, 8 local SSDs"
337,"c3d-standard-180 - 180 vCPUs, 720 GB RAM",c3d-standard-180,Google,"180 vCPUs, 720 GB RAM"
338,"c3d-standard-180-lssd - 180 vCPUs, 720 GB RAM, 16 local SSDs",c3d-standard-180-lssd,Google,"180 vCPUs, 720 GB RAM, 16 local SSDs"
388,"c4-standard-192 - 192 vCPUs, 720 GB RAM",c4-standard-192,Google,"192 vCPUs, 720 GB RAM"
389,"c4-standard-192-lssd - 192 vCPUs, 720 GB RAM",c4-standard-192-lssd,Google,"192 vCPUs, 720 GB RAM"
451,"c4d-highcpu-384 - 384 vCPUs, 720 GB RAM",c4d-highcpu-384,Google,"384 vCPUs, 720 GB RAM"
697,"ct6e-standard-4t - 180 vCPUs, 720 GB RAM, 4 Google V6 lite TPUs",ct6e-standard-4t,Google,"180 vCPUs, 720 GB RAM, 4 Google V6 lite TPUs"
382,"c4-highmem-96 - 96 vCPUs, 744 GB RAM",c4-highmem-96,Google,"96 vCPUs, 744 GB RAM"
383,"c4-highmem-96-lssd - 96 vCPUs, 744 GB RAM",c4-highmem-96-lssd,Google,"96 vCPUs, 744 GB RAM"
477,"c4d-standard-192 - 192 vCPUs, 744 GB RAM",c4d-standard-192,Google,"192 vCPUs, 744 GB RAM"
478,"c4d-standard-192-lssd - 192 vCPUs, 744 GB RAM, 16 local SSDs",c4d-standard-192-lssd,Google,"192 vCPUs, 744 GB RAM, 16 local SSDs"
546,"m4-megamem-56 - 56 vCPUs, 744 GB RAM",m4-megamem-56,Google,"56 vCPUs, 744 GB RAM"
473,"c4d-highmem-96 - 96 vCPUs, 756 GB RAM",c4d-highmem-96,Google,"96 vCPUs, 756 GB RAM"
474,"c4d-highmem-96-lssd - 96 vCPUs, 756 GB RAM, 8 local SSDs",c4d-highmem-96-lssd,Google,"96 vCPUs, 756 GB RAM, 8 local SSDs"
301,"c3-standard-192-metal - Compute Optimized Bare Metal: 192 vCPUs, 768 GB RAM",c3-standard-192-metal,Google,"Compute Optimized Bare Metal: 192 vCPUs, 768 GB RAM"
702,"c4d-highcpu-384-metal - 384 vCPUs, 768 GB RAM",c4d-highcpu-384-metal,Google,"384 vCPUs, 768 GB RAM"
257,"a3-highgpu-4g - Accelerator Optimized: 4 NVIDIA H100 GPU, 104 vCPUs, 936GB RAM",a3-highgpu-4g,Google,"Accelerator Optimized: 4 NVIDIA H100 GPU, 104 vCPUs, 936GB RAM"
574,"n1-ultramem-40 - 40 vCPUs, 961 GB RAM",n1-ultramem-40,Google,"40 vCPUs, 961 GB RAM"
539,"m3-megamem-64 - 64 vCPUs, 976 GB RAM",m3-megamem-64,Google,"64 vCPUs, 976 GB RAM"
541,"m3-ultramem-32 - 32 vCPUs, 976 GB RAM",m3-ultramem-32,Google,"32 vCPUs, 976 GB RAM"
393,"c4-standard-288 - 288 vCPUs, 1080 GB RAM",c4-standard-288,Google,"288 vCPUs, 1080 GB RAM"
394,"c4-standard-288-lssd - 288 vCPUs, 1080 GB RAM, 48 local SSDs",c4-standard-288-lssd,Google,"288 vCPUs, 1080 GB RAM, 48 local SSDs"
395,"c4-standard-288-metal - 288 vCPUs, 1080 GB RAM",c4-standard-288-metal,Google,"288 vCPUs, 1080 GB RAM"
362,"c4-highmem-144 - 144 vCPUs, 1116 GB RAM",c4-highmem-144,Google,"144 vCPUs, 1116 GB RAM"
363,"c4-highmem-144-lssd - 144 vCPUs, 1116 GB RAM, 24 local SSDs",c4-highmem-144-lssd,Google,"144 vCPUs, 1116 GB RAM, 24 local SSDs"
700,"m2-ultramem2x-96 - 96 vCPUs, 1.3 TB RAM, 5.9 TB PMEM",m2-ultramem2x-96,Google,"96 vCPUs, 1.3 TB RAM, 5.9 TB PMEM"
252,"a2-ultragpu-8g - Accelerator Optimized: 8 NVIDIA A100 80GB GPUs, 96 vCPUs, 1360GB RAM, 8 local SSD",a2-ultragpu-8g,Google,"Accelerator Optimized: 8 NVIDIA A100 80GB GPUs, 96 vCPUs, 1360GB RAM, 8 local SSD"
292,"c3-highmem-176 - 176 vCPUs, 1408 GB RAM",c3-highmem-176,Google,"176 vCPUs, 1408 GB RAM"
680,"z3-highmem-176 - 176 vCPUs, 1408 GB RAM, 12 Local SSDs",z3-highmem-176,Google,"176 vCPUs, 1408 GB RAM, 12 Local SSDs"
681,"z3-highmem-176-standardlssd - 176 vCPUs, 1408 GB RAM, 12 Local SSDs",z3-highmem-176-standardlssd,Google,"176 vCPUs, 1408 GB RAM, 12 Local SSDs"
564,"n1-megamem-96 - 96 vCPUs, 1.4 TB RAM",n1-megamem-96,Google,"96 vCPUs, 1.4 TB RAM"
322,"c3d-highmem-180 - 180 vCPUs, 1440 GB RAM",c3d-highmem-180,Google,"180 vCPUs, 1440 GB RAM"
323,"c3d-highmem-180-lssd - 180 vCPUs, 1440 GB RAM, 16 local SSDs",c3d-highmem-180-lssd,Google,"180 vCPUs, 1440 GB RAM, 16 local SSDs"
341,"c3d-standard-360 - 360 vCPUs, 1440 GB RAM",c3d-standard-360,Google,"360 vCPUs, 1440 GB RAM"
342,"c3d-standard-360-lssd - 360 vCPUs, 1440 GB RAM, 32 local SSDs",c3d-standard-360-lssd,Google,"360 vCPUs, 1440 GB RAM, 32 local SSDs"
698,"ct6e-standard-8t - 360 vCPUs, 1440 GB RAM, 8 Google V6 lite TPUs",ct6e-standard-8t,Google,"360 vCPUs, 1440 GB RAM, 8 Google V6 lite TPUs"
366,"c4-highmem-192 - 192 vCPUs, 1488 GB RAM",c4-highmem-192,Google,"192 vCPUs, 1488 GB RAM"
367,"c4-highmem-192-lssd - 192 vCPUs, 1488 GB RAM",c4-highmem-192-lssd,Google,"192 vCPUs, 1488 GB RAM"
482,"c4d-standard-384 - 384 vCPUs, 1488 GB RAM",c4d-standard-384,Google,"384 vCPUs, 1488 GB RAM"
483,"c4d-standard-384-lssd - 384 vCPUs, 1488 GB RAM, 32 local SSDs",c4d-standard-384-lssd,Google,"384 vCPUs, 1488 GB RAM, 32 local SSDs"
543,"m4-megamem-112 - 112 vCPUs, 1488 GB RAM",m4-megamem-112,Google,"112 vCPUs, 1488 GB RAM"
549,"m4-ultramem-56 - 56 vCPUs, 1488 GB RAM",m4-ultramem-56,Google,"56 vCPUs, 1488 GB RAM"
459,"c4d-highmem-192 - 192 vCPUs, 1512 GB RAM",c4d-highmem-192,Google,"192 vCPUs, 1512 GB RAM"
460,"c4d-highmem-192-lssd - 192 vCPUs, 1512 GB RAM, 16 local SSDs",c4d-highmem-192-lssd,Google,"192 vCPUs, 1512 GB RAM, 16 local SSDs"
293,"c3-highmem-192-metal - Compute Optimized Bare Metal: 192 vCPUs, 1.5 TB RAM",c3-highmem-192-metal,Google,"Compute Optimized Bare Metal: 192 vCPUs, 1.5 TB RAM"
682,"z3-highmem-192-highlssd-metal - Storage Optimized Bare Metal: 192 vCPUs, 1.5 TB RAM",z3-highmem-192-highlssd-metal,Google,"Storage Optimized Bare Metal: 192 vCPUs, 1.5 TB RAM"
695,"c4d-standard-384-metal - 384 vCPUs, 1536 GB RAM",c4d-standard-384-metal,Google,"384 vCPUs, 1536 GB RAM"
253,"a3-edgegpu-8g - Accelerator Optimized: 8 NVIDIA H100 GPU, 208 vCPUs, 1872GB RAM",a3-edgegpu-8g,Google,"Accelerator Optimized: 8 NVIDIA H100 GPU, 208 vCPUs, 1872GB RAM"
254,"a3-edgegpu-8g-nolssd - Accelerator Optimized: 8 NVIDIA H100 GPU, 208 vCPUs, 1872GB RAM, No LocalSSD",a3-edgegpu-8g-nolssd,Google,"Accelerator Optimized: 8 NVIDIA H100 GPU, 208 vCPUs, 1872GB RAM, No LocalSSD"
258,"a3-highgpu-8g - Accelerator Optimized: 8 NVIDIA H100 GPU, 208 vCPUs, 1872GB RAM, 16 local SSD",a3-highgpu-8g,Google,"Accelerator Optimized: 8 NVIDIA H100 GPU, 208 vCPUs, 1872GB RAM, 16 local SSD"
259,"a3-megagpu-8g - Accelerator Optimized: 8 NVIDIA H100 GPU, 208 vCPUs, 1872GB RAM, 16 local SSD",a3-megagpu-8g,Google,"Accelerator Optimized: 8 NVIDIA H100 GPU, 208 vCPUs, 1872GB RAM, 16 local SSD"
575,"n1-ultramem-80 - 80 vCPUs, 1922 GB RAM",n1-ultramem-80,Google,"80 vCPUs, 1922 GB RAM"
538,"m3-megamem-128 - 128 vCPUs, 1952 GB RAM",m3-megamem-128,Google,"128 vCPUs, 1952 GB RAM"
542,"m3-ultramem-64 - 64 vCPUs, 1952 GB RAM",m3-ultramem-64,Google,"64 vCPUs, 1952 GB RAM"
371,"c4-highmem-288 - 288 vCPUs, 2232 GB RAM",c4-highmem-288,Google,"288 vCPUs, 2232 GB RAM"
372,"c4-highmem-288-lssd - 288 vCPUs,  2232 GB RAM, 48 local SSDs",c4-highmem-288-lssd,Google,"288 vCPUs,  2232 GB RAM, 48 local SSDs"
373,"c4-highmem-288-metal - 288 vCPUs, 2232 GB RAM",c4-highmem-288-metal,Google,"288 vCPUs, 2232 GB RAM"
326,"c3d-highmem-360 - 360 vCPUs, 2880 GB RAM",c3d-highmem-360,Google,"360 vCPUs, 2880 GB RAM"
327,"c3d-highmem-360-lssd - 360 vCPUs, 2880 GB RAM, 32 local SSDs",c3d-highmem-360-lssd,Google,"360 vCPUs, 2880 GB RAM, 32 local SSDs"
692,"a3-ultragpu-8g - Accelerator Optimized: 8 NVIDIA H200 GPU, 224 vCPUs, 2952GB RAM",a3-ultragpu-8g,Google,"Accelerator Optimized: 8 NVIDIA H200 GPU, 224 vCPUs, 2952GB RAM"
693,"a3-ultragpu-8g-nolssd - Accelerator Optimized: 8 NVIDIA H200 GPU, 224 vCPUs, 2952GB RAM, No LocalSSD",a3-ultragpu-8g-nolssd,Google,"Accelerator Optimized: 8 NVIDIA H200 GPU, 224 vCPUs, 2952GB RAM, No LocalSSD"
544,"m4-megamem-224 - 224 vCPUs, 2976 GB RAM",m4-megamem-224,Google,"224 vCPUs, 2976 GB RAM"
547,"m4-ultramem-112 - 112 vCPUs, 2976 GB RAM",m4-ultramem-112,Google,"112 vCPUs, 2976 GB RAM"
464,"c4d-highmem-384 - 384 vCPUs, 3024 GB RAM",c4d-highmem-384,Google,"384 vCPUs, 3024 GB RAM"
465,"c4d-highmem-384-lssd - 384 vCPUs, 3024 GB RAM, 32 local SSDs",c4d-highmem-384-lssd,Google,"384 vCPUs, 3024 GB RAM, 32 local SSDs"
703,"c4d-highmem-384-metal - 384 vCPUs, 3072 GB RAM",c4d-highmem-384-metal,Google,"384 vCPUs, 3072 GB RAM"
573,"n1-ultramem-160 - 160 vCPUs, 3844 GB RAM",n1-ultramem-160,Google,"160 vCPUs, 3844 GB RAM"
540,"m3-ultramem-128 - 128 vCPUs, 3904 GB RAM",m3-ultramem-128,Google,"128 vCPUs, 3904 GB RAM"
694,"a4-highgpu-8g - Accelerator Optimized: 8 NVIDIA B200 GPU, 224 vCPUs, 3968GB RAM",a4-highgpu-8g,Google,"Accelerator Optimized: 8 NVIDIA B200 GPU, 224 vCPUs, 3968GB RAM"
535,"m2-megamem-416 - 416 vCPUs, 5.75 TB RAM",m2-megamem-416,Google,"416 vCPUs, 5.75 TB RAM"
536,"m2-ultramem-208 - 208 vCPUs, 5.75 TB RAM",m2-ultramem-208,Google,"208 vCPUs, 5.75 TB RAM"
548,"m4-ultramem-224 - 224 vCPUs, 5952 GB RAM",m4-ultramem-224,Google,"224 vCPUs, 5952 GB RAM"
534,"m2-hypermem-416 - 416 vCPUs, 8.625 TB RAM",m2-hypermem-416,Google,"416 vCPUs, 8.625 TB RAM"
537,"m2-ultramem-416 - 416 vCPUs, 11.50 TB RAM",m2-ultramem-416,Google,"416 vCPUs, 11.50 TB RAM"
677,"x4-megamem-960-metal - 960 vCPUs, 16384 GB RAM",x4-megamem-960-metal,Google,"960 vCPUs, 16384 GB RAM"
675,"x4-megamem-1440-metal - 1440 vCPUs, 24576 GB RAM",x4-megamem-1440-metal,Google,"1440 vCPUs, 24576 GB RAM"
676,"x4-megamem-1920-metal - 1920 vCPUs, 32768 GB RAM",x4-megamem-1920-metal,Google,"1920 vCPUs, 32768 GB RAM"
